,City,Lat,Lng,Max Temp,Humidity,Cloudiness,Wind Speed,Country,Date
0,Qinhuangdao,39.9317,119.5883,60.49,19,0,16.89,CN,1620171751
1,Jamestown,42.097,-79.2353,60.8,82,90,5.75,US,1620171298
2,Puerto Ayora,-0.7393,-90.3518,80.6,74,20,18.41,EC,1620171302
3,Hithadhoo,-0.6,73.0833,83.53,67,28,3.36,MV,1620171038
4,Camacha,33.0833,-16.3333,62.6,59,75,12.66,PT,1620171331
5,Cidreira,-30.1811,-50.2056,66.54,92,97,14.88,BR,1620171290
6,Muscat,23.6139,58.5922,80.6,69,20,18.41,OM,1620171547
7,Pindiga,9.9833,10.9333,79.95,59,66,13.38,NG,1620171752
8,East London,-33.0153,27.9116,66.34,59,4,3.42,ZA,1620171283
9,Rikitea,-23.1203,-134.9692,78.51,79,99,10.38,PF,1620171270
10,Maryville,35.7565,-83.9705,66.2,88,90,9.22,US,1620171753
11,Kapaa,22.0752,-159.319,80.6,69,40,12.66,US,1620171278
12,Mataura,-46.1927,168.8643,55.99,57,27,5.01,NZ,1620171270
13,Tegul'det,57.3064,88.1667,37.27,66,100,6.46,RU,1620171753
14,Bouca,6.5105,18.2733,70.21,96,97,3.27,CF,1620171753
15,Carnarvon,-24.8667,113.6333,60.8,100,75,8.05,AU,1620171356
16,Paita,-5.0892,-81.1144,69.98,81,33,14.92,PE,1620171754
17,Ostrovnoy,68.0531,39.5131,28.89,85,95,11.59,RU,1620171361
18,Upernavik,72.7868,-56.1549,23.52,83,9,5.5,GL,1620171368
19,Hauterive,46.0901,3.4459,57.2,58,90,12.66,FR,1620171754
20,Saskylakh,71.9167,114.0833,29.55,94,100,8.46,RU,1620171309
21,Dingle,10.9995,122.6711,84.76,70,71,14.65,PH,1620171279
22,Punta Arenas,-53.15,-70.9167,44.6,81,0,25.32,CL,1620171004
23,Buritis,-15.6178,-46.4233,68.83,57,6,3.15,BR,1620171754
24,Torbay,47.6666,-52.7314,44.6,61,75,8.05,CA,1620171288
25,Bluff,-46.6,168.3333,55.99,57,15,5.01,NZ,1620171287
26,Chicama,-7.8447,-79.1469,64.4,94,90,10.36,PE,1620171353
27,Sept-Îles,50.2001,-66.3821,51.8,40,99,6.91,CA,1620171500
28,Khatanga,71.9667,102.5,32.5,93,100,5.21,RU,1620171328
29,Coahuayana Viejo,18.7333,-103.6833,84.2,32,1,11.5,MX,1620171755
30,Busselton,-33.65,115.3333,57.99,98,100,5.46,AU,1620171272
31,Kruisfontein,-34.0033,24.7314,63.0,89,85,1.01,ZA,1620171096
32,Rocha,-34.4833,-54.3333,57.02,54,95,11.23,UY,1620171756
33,Tavatuy,57.0703,60.1336,48.2,53,0,4.47,RU,1620171756
34,Dalmatovo,56.26,62.9362,58.28,70,97,10.02,RU,1620171756
35,Severo-Kuril'sk,50.6789,156.125,35.55,94,67,10.18,RU,1620171306
36,Gaoua,10.2992,-3.2508,80.06,65,100,8.43,BF,1620171756
37,Katobu,-4.9408,122.5276,78.64,89,99,4.12,ID,1620171757
38,Ushuaia,-54.8,-68.3,42.8,87,75,36.82,AR,1620171111
39,Atuona,-9.8,-139.0333,80.08,78,17,17.56,PF,1620170987
40,Los Llanos de Aridane,28.6585,-17.9182,68.0,56,90,19.57,ES,1620171184
41,Paamiut,61.994,-49.6678,39.15,68,54,5.19,GL,1620171312
42,El Tigre,8.8875,-64.2454,75.54,84,98,3.11,VE,1620171757
43,Arrifes,37.7667,-25.7,59.0,88,20,3.44,PT,1620171757
44,Natal,-5.795,-35.2094,75.2,94,75,2.3,BR,1620171758
45,Cape Town,-33.9258,18.4232,60.01,94,75,10.36,ZA,1620171219
46,Butaritari,3.0707,172.7902,83.88,76,76,18.61,KI,1620171009
47,Ilulissat,69.2167,-51.1,39.2,56,0,3.44,GL,1620171364
48,Luk Pu,23.1742,112.2809,77.0,34,100,2.62,CN,1620171758
49,Kavieng,-2.5744,150.7967,84.38,70,57,1.16,PG,1620171305
50,Asău,46.4333,26.4,45.0,44,2,5.21,RO,1620171760
51,Castro,-24.7911,-50.0119,61.11,62,20,2.26,BR,1620171317
52,Zhigansk,66.7697,123.3711,32.74,98,99,1.19,RU,1620171760
53,Natitingou,10.3042,1.3796,78.39,57,100,5.37,BJ,1620171760
54,Oddur,4.1213,43.8894,76.96,76,59,6.6,SO,1620171760
55,São Miguel do Tapuio,-5.5036,-41.3233,77.0,70,94,2.53,BR,1620171761
56,Vaini,-21.2,-175.2,78.8,78,90,12.66,TO,1620171279
57,Jintūr,19.6167,76.7,86.45,33,10,2.64,IN,1620171761
58,Port Hardy,50.6996,-127.4199,53.6,66,40,12.66,CA,1620171352
59,Mar del Plata,-38.0023,-57.5575,54.0,71,20,4.61,AR,1620171000
60,Proletariy,58.4342,31.7046,34.83,96,100,5.28,RU,1620171761
61,Dukat,62.55,155.55,24.85,82,94,3.67,RU,1620171048
62,Mount Gambier,-37.8333,140.7667,53.6,87,75,6.91,AU,1620171295
63,Bandar-e Anzali,37.4727,49.4622,63.09,83,4,1.41,IR,1620171762
64,Hobart,-42.8794,147.3294,60.01,76,20,8.05,AU,1620171272
65,Gorom-Gorom,14.4439,-0.2361,90.55,26,66,9.75,BF,1620171762
66,Lucea,18.451,-78.1736,84.2,65,40,11.5,JM,1620171762
67,Port Alfred,-33.5906,26.891,66.49,67,37,3.98,ZA,1620171275
68,Albany,42.6001,-73.9662,59.0,77,90,5.75,US,1620171001
69,Zuénoula,7.4292,-6.0431,73.63,92,98,3.42,CI,1620171763
70,Bethel,41.3712,-73.414,62.6,72,75,9.22,US,1620171292
71,Dikson,73.5069,80.5464,21.65,95,100,9.33,RU,1620171301
72,Fortuna,40.5982,-124.1573,63.0,88,20,13.8,US,1620171342
73,Saint-Joseph,-21.3667,55.6167,75.2,94,75,3.44,RE,1620171763
74,Senador Guiomard,-10.1522,-67.7392,78.8,94,0,2.84,BR,1620171764
75,Ugoofaaru,5.6667,73.0,83.79,70,21,0.63,MV,1620171764
76,Washougal,45.5826,-122.3534,68.0,37,1,5.75,US,1620171764
77,Jati,24.3539,68.2671,81.16,72,0,15.61,PK,1620171764
78,Geraldton,-28.7667,114.6,62.6,94,75,9.22,AU,1620171090
79,Ponta Delgada,37.7333,-25.6667,59.0,88,20,3.44,PT,1620171765
80,Kargasok,59.0556,80.8572,42.57,79,100,11.65,RU,1620171765
81,Cayenne,4.9333,-52.3333,79.0,89,75,2.3,GF,1620171765
82,General Roca,-39.0333,-67.5833,50.0,57,0,3.44,AR,1620171765
83,Nikolskoye,59.7035,30.7861,36.0,93,90,6.71,RU,1620171292
84,Bahía Honda,22.9036,-83.1592,82.36,68,5,9.44,CU,1620171766
85,Cherskiy,68.75,161.3,30.65,70,26,12.28,RU,1620171337
86,Doha,25.2867,51.5333,82.4,61,0,5.75,QA,1620171651
87,Ola,59.5833,151.2833,33.22,69,22,4.07,RU,1620171766
88,Namatanai,-3.6667,152.4333,85.35,67,28,2.62,PG,1620171766
89,Moshupa,-24.7782,25.4155,56.08,45,0,2.06,BW,1620171767
90,Mocuba,-16.8392,36.9856,61.25,97,16,2.98,MZ,1620171767
91,Omboué,-1.5746,9.2618,77.32,88,100,4.63,GA,1620171767
92,Cabedelo,-6.9811,-34.8339,73.4,100,75,4.9,BR,1620171768
93,Port Blair,11.6667,92.75,83.71,74,88,2.35,IN,1620171768
94,Ondjiva,-17.0667,15.7333,66.56,57,56,3.09,AO,1620171768
95,Salalah,17.0151,54.0924,84.2,79,20,4.61,OM,1620171768
96,Provideniya,64.3833,-173.3,30.2,69,0,2.24,RU,1620171307
97,Progreso,21.2833,-89.6667,100.4,32,40,16.11,MX,1620171769
98,Kaitangata,-46.2817,169.8464,60.01,52,21,3.0,NZ,1620171141
99,Lamu,-2.2717,40.902,78.46,87,97,14.12,KE,1620171769
100,Akdepe,42.0551,59.3788,69.8,49,0,9.22,TM,1620171769
101,Port Montt,-41.4698,-72.9447,44.6,87,0,6.91,CL,1620171770
102,Centralina,-18.5839,-49.1994,70.09,39,5,1.99,BR,1620171770
103,Boma,7.0805,-2.1697,72.66,97,99,1.48,GH,1620171770
104,Hearst,49.6835,-83.6665,37.4,93,100,4.61,CA,1620171770
105,Chokurdakh,70.6333,147.9167,31.3,97,100,5.1,RU,1620171105
106,Cabo San Lucas,22.8909,-109.9124,82.0,41,1,10.36,MX,1620171002
107,Cockburn Town,21.4612,-71.1419,78.37,80,80,20.07,TC,1620171771
108,Weiser,44.251,-116.9693,75.2,19,1,14.97,US,1620171771
109,Khovd,48.0056,91.6419,44.35,38,68,7.11,MN,1620171328
110,Arraial do Cabo,-22.9661,-42.0278,69.8,85,0,4.61,BR,1620170995
111,Lima,-12.0432,-77.0282,66.2,82,75,16.11,PE,1620171546
112,Ribeira Grande,38.5167,-28.7,63.16,89,100,7.92,PT,1620171281
113,Chamba,32.5667,76.1333,68.16,63,100,7.7,IN,1620171772
114,Klaksvík,62.2266,-6.589,35.6,80,20,23.02,FO,1620171351
115,Estevan,49.1334,-102.9842,57.2,19,40,3.44,CA,1620171772
116,Qaanaaq,77.484,-69.3632,25.9,78,83,4.5,GL,1620170994
117,Tuktoyaktuk,69.4541,-133.0374,23.0,86,90,8.05,CA,1620171297
118,Saint Paul Harbor,57.79,-152.4072,44.6,61,75,16.11,US,1620171316
119,Kontagora,10.3999,5.4695,79.25,63,92,8.16,NG,1620171773
120,Pevek,69.7008,170.3133,30.11,67,86,16.11,RU,1620171274
121,Grand-Santi,4.25,-54.3833,72.59,98,38,1.77,GF,1620171773
122,Assiniboia,49.6334,-105.9845,53.6,37,98,11.5,CA,1620171773
123,Ürümqi,43.801,87.6005,57.2,33,0,8.95,CN,1620171617
124,Avarua,-21.2078,-159.775,80.6,74,75,11.5,CK,1620171329
125,Hermanus,-34.4187,19.2345,64.0,87,5,5.99,ZA,1620170984
126,Taltal,-25.4,-70.4833,65.08,67,0,4.7,CL,1620171774
127,Ghanzi,-21.5667,21.7833,56.71,49,0,5.77,BW,1620171774
128,Esperance,-33.8667,121.9,59.0,94,90,16.11,AU,1620171398
129,New Norfolk,-42.7826,147.0587,60.01,82,24,3.47,AU,1620171276
130,George Town,5.4112,100.3354,79.0,94,20,4.65,MY,1620171018
131,Saint George,37.1041,-113.5841,84.99,11,1,9.22,US,1620171022
132,Shimoda,34.6667,138.95,69.01,82,75,18.41,JP,1620171775
133,Coquimbo,-29.9533,-71.3436,62.6,72,20,4.61,CL,1620171196
134,Pamanukan,-6.2842,107.8106,78.69,83,90,3.65,ID,1620171775
135,Slave Lake,55.2834,-114.769,50.0,57,90,9.22,CA,1620171775
136,Vanimo,-2.6741,141.3028,84.4,70,32,3.94,PG,1620171399
137,Labuan,5.2767,115.2417,84.2,70,20,6.91,MY,1620171775
138,Pankovka,58.5,31.1999,34.75,95,100,5.28,RU,1620171776
139,Palkino,57.5409,28.0126,28.4,100,0,5.48,RU,1620171776
140,Saint-Philippe,-21.3585,55.7679,75.2,94,75,6.91,RE,1620171309
141,Port-Cartier,50.0334,-66.8654,46.4,53,75,6.91,CA,1620171776
142,Chapais,49.7834,-74.8492,51.8,40,90,8.05,CA,1620171777
143,Northam,51.0333,-4.2167,46.0,74,59,13.0,GB,1620171777
144,Port Elizabeth,-33.918,25.5701,66.2,88,0,13.8,ZA,1620171106
145,Fuerte Olimpo,-21.0415,-57.8738,82.58,51,71,3.91,PY,1620171778
146,Barrow,71.2906,-156.7887,17.6,73,90,4.61,US,1620171279
147,Churapcha,62.0025,132.4325,43.75,74,100,10.49,RU,1620171778
148,Sisimiut,66.9395,-53.6735,34.2,82,35,8.08,GL,1620171349
149,Souillac,-20.5167,57.5167,75.2,100,40,3.44,MU,1620171778
150,Yellowknife,62.456,-114.3525,41.0,33,20,10.36,CA,1620171263
151,Chui,-33.6971,-53.4616,58.6,58,100,11.74,UY,1620171023
152,Pangnirtung,66.1451,-65.7125,32.0,86,1,11.5,CA,1620171303
153,Clyde River,70.4692,-68.5914,28.4,80,20,18.41,CA,1620171008
154,Olinda,-8.0089,-34.8553,73.4,88,75,3.27,BR,1620171779
155,Hilo,19.7297,-155.09,84.2,54,20,11.5,US,1620171779
156,Henties Bay,-22.116,14.2845,65.03,78,5,4.14,NA,1620171318
157,Genhe,50.7833,121.5167,36.34,95,100,3.2,CN,1620171779
158,Lorengau,-2.0226,147.2712,84.63,65,36,2.51,PG,1620171324
159,Hualmay,-11.0964,-77.6139,67.57,84,33,12.5,PE,1620171344
160,Saint-Pierre,-21.3393,55.4781,75.2,94,75,6.91,RE,1620171599
161,Banda Aceh,5.5577,95.3222,80.53,77,98,5.21,ID,1620171395
162,Mahon,39.8885,4.2658,53.6,94,20,5.75,ES,1620171780
163,Hasaki,35.7333,140.8333,69.01,68,75,13.8,JP,1620171349
164,Marsala,37.7966,12.4352,60.8,94,20,10.36,IT,1620171780
165,Mwinilunga,-11.7358,24.4293,63.86,78,95,3.78,ZM,1620171780
166,Tamandaré,-8.7597,-35.1047,76.32,83,34,3.22,BR,1620171781
167,Codrington,-38.2667,141.9667,58.17,71,62,8.41,AU,1620171395
168,Halifax,44.6453,-63.5724,48.99,71,90,6.04,CA,1620171781
169,Caniço,32.6333,-16.85,62.6,55,75,9.22,PT,1620171782
170,San Jerónimo,-11.9472,-75.2829,52.11,77,94,6.17,PE,1620171782
171,Ponta do Sol,32.6667,-17.1,57.99,55,2,5.99,PT,1620171046
172,Plön,54.1667,10.4167,44.01,100,90,16.11,DE,1620171782
173,Padang,-0.9492,100.3543,75.2,94,40,3.44,ID,1620171078
174,Lompoc,34.6391,-120.4579,73.0,56,7,12.66,US,1620171103
175,Lüderitz,-26.6481,15.1594,63.23,79,35,10.29,NA,1620171133
176,Yuli,9.6989,10.2744,81.21,61,35,8.21,NG,1620171783
177,Honningsvåg,70.9821,25.9704,33.8,64,75,10.36,NO,1620171392
178,Mariehamn,60.0973,19.9348,41.0,60,0,8.05,AX,1620171783
179,Hamilton,39.1834,-84.5333,63.0,88,90,16.11,US,1620171231
180,Baculin,7.4525,126.5842,82.58,77,88,6.26,PH,1620171783
181,Syracuse,37.0881,15.2792,63.0,82,0,10.36,IT,1620171784
182,Okha,53.5739,142.9478,33.66,67,44,11.14,RU,1620171784
183,Nhulunbuy,-12.2333,136.7667,82.4,65,12,14.97,AU,1620171784
184,Ngunguru,-35.6167,174.5,60.46,63,25,2.53,NZ,1620171784
185,Harrisonburg,38.4496,-78.8689,73.4,68,1,5.44,US,1620171546
186,Bambanglipuro,-7.95,110.2833,78.85,81,53,3.06,ID,1620171785
187,Bredasdorp,-34.5322,20.0403,60.8,88,49,4.61,ZA,1620171327
188,Longyearbyen,78.2186,15.6401,26.6,86,75,4.32,SJ,1620171047
189,Dhidhdhoo,6.8833,73.1,84.51,71,100,4.21,MV,1620171345
190,Cuamba,-14.8031,36.5372,57.85,97,14,3.62,MZ,1620171786
191,Oktyabr'skoye,43.0645,44.7417,46.4,81,100,2.24,RU,1620171787
192,Stokmarknes,68.5646,14.9108,39.2,56,75,8.05,NO,1620171787
193,Saryozek,44.3583,77.9753,59.97,23,11,11.03,KZ,1620171787
194,Bathsheba,13.2167,-59.5167,78.8,65,20,18.41,BB,1620171114
195,Kimbe,-5.5502,150.1429,86.41,67,70,1.81,PG,1620171788
196,Katsuura,35.1333,140.3,69.8,73,75,17.27,JP,1620171298
197,Humaitá,-7.5061,-63.0208,74.23,96,63,0.96,BR,1620171789
198,Bengkulu,-3.8004,102.2655,76.37,91,92,5.95,ID,1620171283
199,Calvià,39.5657,2.5062,57.0,87,20,3.74,ES,1620171564
200,Adrar,20.5022,-10.0711,81.18,27,57,12.06,MR,1620171189
201,Oranjemund,-28.55,16.4333,59.5,91,72,1.45,NA,1620171789
202,Maltahöhe,-24.8333,16.9833,65.91,39,67,4.05,NA,1620171790
203,Ahipara,-35.1667,173.1667,64.35,49,42,1.16,NZ,1620171010
204,Baykit,61.67,96.37,29.59,84,100,13.91,RU,1620171397
205,Shingū,33.7333,135.9833,64.4,88,75,18.41,JP,1620171276
206,Charters Towers,-20.1,146.2667,78.06,43,27,1.92,AU,1620171335
207,Wenling,28.3669,121.36,69.01,76,100,10.65,CN,1620171790
208,Gobabis,-22.45,18.9667,56.64,44,0,10.38,NA,1620171790
209,Tasiilaq,65.6145,-37.6368,26.6,86,2,5.75,GL,1620171274
210,Ludza,56.55,27.7167,36.43,94,99,5.95,LV,1620171791
211,Palmer,42.1584,-72.3287,59.0,67,75,5.75,US,1620171375
212,Chifeng,42.2683,118.9636,53.38,15,21,19.84,CN,1620171791
213,College,64.8569,-147.8028,60.8,29,75,4.61,US,1620171343
214,Porto Santo,33.072,-16.3415,62.6,55,75,14.97,PT,1620171792
215,Flin Flon,54.7682,-101.865,44.6,33,75,5.75,CA,1620171347
216,Río Gallegos,-51.6226,-69.2181,46.4,57,0,26.46,AR,1620171318
217,Kansanshi,-12.0951,26.4273,61.12,81,100,4.21,ZM,1620171792
218,Abu Dhabi,24.4667,54.3667,84.2,58,0,8.05,AE,1620171734
219,Kahului,20.8947,-156.47,84.2,54,40,20.71,US,1620170976
220,kimparana,12.8347,-4.9244,91.24,33,49,10.45,ML,1620171792
221,Mahébourg,-20.4081,57.7,75.2,100,40,3.44,MU,1620171300
222,Raudeberg,61.9875,5.1352,42.01,84,100,15.21,NO,1620171793
223,Province of Mantua,45.1667,10.7833,54.0,71,68,4.61,IT,1620171793
224,San Cristobal,7.7669,-72.225,82.4,69,40,4.61,VE,1620171197
225,Te Anau,-45.4167,167.7167,54.68,65,26,5.91,NZ,1620171793
226,Berlevåg,70.8578,29.0864,33.8,64,75,10.36,NO,1620171377
227,Saýat,38.7839,63.8803,66.2,34,0,6.91,TM,1620171794
228,Manicoré,-5.8092,-61.3003,78.8,94,0,2.3,BR,1620171794
229,Çubuk,40.2386,33.0322,53.01,87,40,10.36,TR,1620171794
230,Birao,10.2849,22.7882,79.52,55,60,4.23,CF,1620171795
231,Boden,65.8252,21.6886,33.8,60,22,5.75,SE,1620171667
232,Ballina,-28.8667,153.5667,62.6,82,58,10.36,AU,1620171301
233,São Filipe,14.8961,-24.4956,71.67,73,39,9.42,CV,1620171089
234,Arrondissement d'Arcachon,44.5875,-1.0519,57.2,94,90,13.8,FR,1620171795
235,Hobyo,5.3505,48.5268,84.16,75,75,10.76,SO,1620171795
236,Qarqīn,37.4185,66.0436,72.7,27,100,4.92,AF,1620171665
237,Bonthe,7.5264,-12.505,80.28,82,99,6.08,SL,1620171288
238,Lianran,24.9227,102.485,57.2,88,75,6.71,CN,1620171796
239,Tiksi,71.6872,128.8694,29.34,92,100,8.95,RU,1620171273
240,Santa Cruz de la Sierra,-17.8,-63.1667,80.6,69,88,5.75,BO,1620171796
241,Medgyesegyháza,46.5,21.0333,50.0,62,0,8.05,HU,1620171796
242,Sagua la Grande,22.8067,-80.0756,78.8,89,75,2.3,CU,1620171797
243,Anito,12.4497,125.2886,81.0,88,61,11.81,PH,1620171797
244,Harper,4.375,-7.7169,79.21,85,100,8.05,LR,1620171797
245,Saint-Prosper,46.2117,-70.4811,55.4,38,97,3.44,CA,1620171798
246,Taft,31.7471,54.2088,59.54,52,28,2.28,IR,1620171798
247,Lata,40.1629,-8.3327,57.0,87,14,5.99,PT,1620171369
248,Thompson,55.7435,-97.8558,37.4,56,75,9.22,CA,1620171020
249,Vaitape,-16.5167,-151.75,82.71,75,48,14.14,PF,1620171366
250,Kumul,42.8,93.45,59.16,12,2,5.39,CN,1620171798
251,Mormugao,15.4,73.8,80.6,94,20,3.44,IN,1620171799
252,Touho,-20.7833,165.2333,75.16,80,61,6.13,NC,1620171799
253,Dvorichna,49.8496,37.6857,40.32,84,3,7.14,UA,1620171799
254,Oodweyne,9.4092,45.064,73.15,73,100,4.32,SO,1620171800
255,Celestún,20.8667,-90.4,85.44,70,2,13.87,MX,1620171800
256,Yarmouth,41.7057,-70.2286,48.99,93,90,11.5,US,1620171608
257,Iqaluit,63.7506,-68.5145,32.0,86,20,3.44,CA,1620171365
258,Poum,-20.2333,164.0167,76.91,73,1,2.44,NC,1620171344
259,Touros,-5.1989,-35.4608,75.2,94,0,4.61,BR,1620171800
260,Itaituba,-4.2761,-55.9836,80.6,89,75,4.61,BR,1620171801
261,Qaqortoq,60.7167,-46.0333,48.2,23,75,36.82,GL,1620171802
262,Chumikan,54.7183,135.315,31.42,79,100,16.93,RU,1620171802
263,Bosaso,11.2842,49.1816,85.53,65,100,3.76,SO,1620171635
264,Nuuk,64.1835,-51.7216,39.2,70,1,9.22,GL,1620171803
265,Port Keats,-14.25,129.55,80.76,42,8,9.06,AU,1620171803
266,Cubarral,3.7935,-73.8406,72.1,93,75,2.44,CO,1620171803
267,Norman Wells,65.282,-126.8329,42.8,56,75,9.22,CA,1620171339
268,Barcelos,41.5388,-8.6151,55.0,87,0,9.22,PT,1620171804
269,Laas,46.6166,10.7002,52.0,81,75,6.91,IT,1620171804
270,Tual,-5.6667,132.75,84.0,75,100,20.49,ID,1620171325
271,La Ronge,55.1001,-105.2842,42.8,36,4,8.05,CA,1620171296
272,Kailua,21.4022,-157.7394,84.2,73,20,11.5,US,1620171337
273,San Patricio,28.017,-97.5169,86.0,62,90,13.8,US,1620171299
274,Gūdūr,14.1333,79.85,80.33,77,6,7.61,IN,1620171805
275,Malinovoye Ozero,51.6753,79.7825,45.3,52,29,5.61,RU,1620171805
276,Meulaboh,4.1363,96.1285,76.84,90,92,5.48,ID,1620171315
277,Lebu,-37.6167,-73.65,53.8,78,16,2.46,CL,1620171307
278,Juba,4.8517,31.5825,73.56,78,91,3.96,SS,1620171805
279,Wanganui,-39.9333,175.05,63.0,68,92,20.0,NZ,1620171806
280,Monrovia,6.3005,-10.7969,78.8,94,75,6.87,LR,1620171806
281,Buala,-8.145,159.5921,84.42,70,83,4.27,SB,1620171393
282,Naze,28.3667,129.4833,73.4,94,75,14.97,JP,1620171310
283,Olafsvik,64.8945,-23.7142,39.22,58,14,7.18,IS,1620171806
284,Paris,48.8534,2.3488,48.2,75,40,6.91,FR,1620171187
285,Dzaoudzi,-12.7887,45.2699,80.6,78,75,21.85,YT,1620171383
286,Newport,51.5877,-2.9984,39.0,88,59,10.94,GB,1620171276
287,Broken Hill,-31.95,141.4333,50.0,66,24,13.8,AU,1620171807
288,Alugan,12.2188,125.4808,81.54,86,73,13.49,PH,1620171338
289,Ciudad Bolivar,8.1222,-63.5497,77.5,83,100,4.85,VE,1620171807
290,Santa Cruz de Tenerife,28.4682,-16.2546,63.0,71,90,19.57,ES,1620171515
291,Comodoro Rivadavia,-45.8667,-67.5,46.4,61,0,8.05,AR,1620171808
292,Avera,33.194,-82.5271,68.0,83,90,6.91,US,1620171337
293,Canto do Buriti,-8.11,-42.9444,77.52,51,69,3.11,BR,1620171808
294,Tall Kayf,37.0833,41.0667,68.31,51,89,3.33,TR,1620171808
295,Villa del Rosario,7.8339,-72.4742,82.4,69,40,4.61,CO,1620171809
296,Kamenka,51.3223,42.7678,41.0,75,3,8.79,RU,1620171809
297,Kragujevac,44.0167,20.9167,54.0,94,0,2.3,RS,1620171809
298,Amboasary,-25.0333,46.3833,66.2,88,20,8.41,MG,1620171810
299,Flinders,-34.5833,150.8552,62.01,95,100,1.01,AU,1620171360
300,San Andrés,12.5847,-81.7006,84.2,74,20,9.22,CO,1620171810
301,Noumea,-22.2763,166.4572,78.8,73,0,4.61,NC,1620171812
302,Xining,36.6167,101.7667,39.74,68,44,3.71,CN,1620171812
303,Tautira,-17.7333,-149.15,86.0,70,20,10.36,PF,1620171380
304,Yeppoon,-23.1333,150.7333,73.4,78,20,1.14,AU,1620171812
305,Lodja,-3.4833,23.4333,69.58,93,94,1.07,CD,1620171812
306,Tarabuco,-19.1667,-64.9167,49.86,82,22,5.75,BO,1620171813
307,Yunhe,34.0833,119.7167,63.19,35,81,2.26,CN,1620171813
308,Sydney,-33.8679,151.2073,61.0,100,75,14.97,AU,1620171522
309,Siyabuswa,-25.1132,29.0445,57.2,48,0,3.58,ZA,1620171814
310,Ulladulla,-35.35,150.4667,62.6,100,90,10.36,AU,1620171815
311,Pathein,16.7833,94.7333,81.52,74,1,5.03,MM,1620171815
312,Uthai Thani,15.3833,99.55,82.99,95,97,1.66,TH,1620171815
313,Tabou,4.423,-7.3528,78.6,87,100,7.63,CI,1620171815
314,Hrob,50.6592,13.7268,46.99,80,92,17.0,CZ,1620171816
315,San Miguel de Cozumel,20.5083,-86.9458,84.2,74,40,17.27,MX,1620171112
316,Mayo,38.8876,-76.5119,69.8,94,90,5.75,US,1620171816
317,Kununurra,-15.7667,128.7333,78.8,61,8,3.44,AU,1620171816
318,Valleyview,55.0667,-117.2859,57.2,38,93,9.22,CA,1620171817
319,Prince Rupert,54.3161,-130.3201,48.2,81,90,5.75,CA,1620171383
320,Esim,4.8699,-2.2405,79.93,79,93,7.65,GH,1620171817
321,Hoquiam,46.9809,-123.8893,62.01,62,1,13.8,US,1620171817
322,Makakilo City,21.3469,-158.0858,84.2,69,90,13.8,US,1620171818
323,Narsaq,60.9167,-46.05,48.2,23,75,36.82,GL,1620171333
324,Price,39.5994,-110.8107,66.2,19,75,14.97,US,1620171341
325,Jatai,-17.8814,-51.7144,67.26,44,8,3.24,BR,1620171819
326,Saurimo,-9.6608,20.3916,68.95,78,99,3.69,AO,1620171819
327,Kurdzhinovo,43.9884,40.9552,44.4,97,100,2.82,RU,1620171820
328,Mezen',65.8522,44.24,30.04,80,100,9.66,RU,1620171820
329,Ferme-Neuve,46.7001,-75.4493,48.2,71,100,5.75,CA,1620171820
330,Shache,38.4167,77.2406,59.95,20,92,5.23,CN,1620171314
331,Deputatsky,69.3,139.9,28.08,95,98,3.13,RU,1620171072
332,Sokolo,14.7328,-6.1219,95.61,28,100,6.91,ML,1620171820
333,Itoman,26.1247,127.6694,77.0,88,75,16.11,JP,1620171821
334,Covington,39.0837,-84.5086,63.0,94,90,11.5,US,1620171821
335,Westport,41.1415,-73.3579,59.0,82,90,9.22,US,1620171821
336,Pierre,44.3683,-100.351,64.0,29,1,6.91,US,1620171399
337,Miyang,24.4042,103.4428,63.91,88,71,2.06,CN,1620171822
338,Xai-Xai,-25.0519,33.6442,63.77,74,0,2.24,MZ,1620171348
339,Yulara,-25.2406,130.9889,60.8,59,83,11.5,AU,1620171320
340,Wilmington,34.2257,-77.9447,80.6,69,1,11.5,US,1620171822
341,Gornopravdinsk,60.05,69.9,46.6,96,50,5.26,RU,1620171822
342,Graaff-Reinet,-32.2522,24.5308,59.0,64,85,1.99,ZA,1620171823
343,Zapolyarnyy,69.4154,30.8136,32.0,80,75,10.36,RU,1620171823
344,Port Lincoln,-34.7333,135.8667,59.83,61,100,13.27,AU,1620171185
345,Evensk,61.95,159.2333,25.75,65,6,8.77,RU,1620171348
346,Pascagoula,30.3658,-88.5561,80.6,83,90,8.05,US,1620171823
347,Atambua,-9.1061,124.8925,78.12,73,80,5.32,ID,1620171824
348,Gazojak,41.1875,61.4036,69.28,33,97,4.43,TM,1620171824
349,Srednekolymsk,67.45,153.6833,29.73,89,100,3.38,RU,1620171079
350,Phan Thiet,10.9333,108.1,81.5,74,100,9.08,VN,1620171824
351,Lake Wales,27.9014,-81.5859,90.0,58,75,10.36,US,1620171824
352,Shimanovsk,52.0,127.7,45.84,82,99,10.85,RU,1620171825
353,Cap Malheureux,-19.9842,57.6142,75.99,89,3,3.0,MU,1620171378
354,Desaguadero,-16.5656,-69.0417,46.51,53,80,5.57,PE,1620171825
355,Almaznyy,48.0448,40.045,41.0,65,0,4.47,RU,1620171826
356,Ribeira Brava,32.65,-17.0667,57.99,79,2,8.99,PT,1620171826
357,Fayetteville,35.0527,-78.8784,69.8,83,75,14.97,US,1620171826
358,Bat Khela,34.6167,71.9714,67.24,69,81,4.0,PK,1620171826
359,Hervey Bay,-25.2986,152.8535,73.99,81,1,1.01,AU,1620171310
360,Panzhihua,26.5851,101.7128,67.59,72,20,2.53,CN,1620171827
361,Aklavik,68.2191,-135.0107,26.6,68,75,6.91,CA,1620171280
362,Verkhnevilyuysk,63.4453,120.3167,41.16,85,98,4.65,RU,1620171827
363,Mandiana,10.6333,-8.6833,78.4,72,89,7.67,GN,1620171827
364,Kutum,14.2,24.6667,78.33,31,48,6.6,SD,1620171321
365,Rock Sound,24.9,-76.2,78.44,78,3,10.49,BS,1620171828
366,Petawawa,45.9001,-77.3328,46.99,93,75,2.66,CA,1620171828
367,Ust-Kuyga,70.0167,135.6,31.69,92,100,2.95,RU,1620171828
368,Tūkrah,32.5341,20.5791,67.51,56,51,12.33,LY,1620171828
369,Plérin,48.5425,-2.7798,44.01,84,23,4.0,FR,1620171829
370,Shenjiamen,29.9576,122.298,62.1,76,90,9.04,CN,1620171343
371,Xiuyan,40.2928,123.2744,57.34,31,35,14.32,CN,1620171829
372,Mbanza-Ngungu,-5.25,14.8667,68.25,98,100,2.01,CD,1620171829
373,Sitka,57.0531,-135.33,46.4,71,75,3.44,US,1620171293
374,Oudtshoorn,-33.5907,22.2014,62.6,88,75,11.5,ZA,1620171830
375,Perth,-31.9333,115.8333,60.01,94,75,4.61,AU,1620171371
376,Eyl,7.9803,49.8164,83.71,72,84,5.75,SO,1620171394
377,Esso,55.9333,158.7,31.68,80,22,3.18,RU,1620171830
378,Viedma,-40.8135,-62.9967,45.93,65,61,7.47,AR,1620171354
379,Muzaffarpur,26.1167,85.4,71.6,73,40,9.31,IN,1620171831
380,Evanston,42.0411,-87.6901,54.0,66,90,12.66,US,1620171540
381,Krasnogorskiy,54.6025,61.231,56.21,56,100,8.08,RU,1620171832
382,Gilbués,-9.8317,-45.3439,78.82,51,61,2.15,BR,1620171832
383,Ekhabi,53.5102,142.9671,33.93,65,46,11.36,RU,1620171832
384,Vardø,70.3705,31.1107,33.67,74,99,11.68,NO,1620171398
385,Manono,-7.3,27.4167,67.6,88,74,3.51,CD,1620171833
386,Tricase,39.9304,18.3553,59.0,94,20,2.3,IT,1620171833
387,Vila Velha,-20.3297,-40.2925,71.6,94,20,3.44,BR,1620171201
388,Narodychi,51.2029,29.0823,43.2,68,72,11.14,UA,1620171833
389,Lavrentiya,65.5833,-171.0,28.53,67,8,6.08,RU,1620171295
390,Poço Branco,-5.6228,-35.6628,75.2,94,0,4.61,BR,1620171834
391,Alta Floresta,-9.8756,-56.0861,84.2,61,20,3.44,BR,1620171327
392,Karangampel,-6.4622,108.4519,80.91,77,92,4.18,ID,1620171835
393,Dunedin,-45.8742,170.5036,57.0,81,30,5.99,NZ,1620171400
394,Fuxin,42.0156,121.6589,59.76,14,17,16.51,CN,1620171303
395,Quatre Cocos,-20.2078,57.7625,75.99,100,40,3.44,MU,1620171301
396,Ulagan,50.6321,87.9563,37.8,88,76,1.57,RU,1620171835
397,Belmonte,-15.8631,-38.8828,73.4,88,40,4.61,BR,1620171836
398,Iskateley,67.6803,53.1512,29.21,77,87,13.49,RU,1620171836
399,Matagami,49.7502,-77.6328,48.2,46,90,3.44,CA,1620171836
400,Aflao,6.116,1.1914,80.6,89,20,5.75,TG,1620171836
401,Malakal,9.5334,31.6605,77.16,70,77,8.68,SS,1620171837
402,Trincomalee,8.5711,81.2335,81.16,79,66,4.5,LK,1620171837
403,Hong Kong,22.2855,114.1577,78.01,86,54,5.55,HK,1620171071
404,Hergla,36.0303,10.509,66.99,94,0,2.3,TN,1620171837
405,Ippy,6.2679,21.2247,70.5,92,99,2.3,CF,1620171838
406,Konstantinovka,49.6167,127.9833,53.04,56,63,7.92,RU,1620171838
407,Cantaura,9.3057,-64.3584,74.98,87,100,3.8,VE,1620171838
408,Saint-Paul,-21.0096,55.2707,75.2,88,90,5.75,RE,1620171621
409,Atbasar,51.8,68.3333,54.54,58,100,7.07,KZ,1620171839
410,Rawson,-43.3002,-65.1023,49.53,43,31,9.04,AR,1620171839
411,Puerto del Rosario,28.5004,-13.8627,66.2,55,0,14.97,ES,1620171839
412,Zaysan,47.4667,84.8667,53.73,31,1,5.3,KZ,1620171839
413,Assiut,27.181,31.1837,82.4,28,0,10.36,EG,1620171840
414,Arlit,18.7369,7.3853,83.8,3,0,2.86,NE,1620171840
415,Portachuelo,-17.35,-63.4,80.6,78,40,3.44,BO,1620171840
416,Laguna,38.421,-121.4238,91.99,16,1,5.7,US,1620171283
417,Warmbad,-28.45,18.7333,68.27,43,56,6.71,NA,1620171841
418,Eilat,29.5581,34.9482,84.2,23,0,11.5,IL,1620171560
419,Muros,42.7762,-9.0603,57.99,88,56,5.99,ES,1620171841
420,Riverton,40.5219,-111.9391,68.0,34,40,17.27,US,1620171841
421,Sorong,-0.8833,131.25,81.95,76,96,4.32,ID,1620171394
422,Raja,8.4596,25.678,74.34,77,100,2.42,SS,1620171841
423,Bāsār,27.9833,94.6667,73.4,88,75,3.44,IN,1620171842
424,Ixtapa,20.7,-105.2,78.8,65,1,13.8,MX,1620171317
425,Palpa,-14.5336,-75.1856,72.55,64,92,2.21,PE,1620171842
426,Hambantota,6.1241,81.1185,78.62,82,97,2.8,LK,1620170996
427,Jumla,29.2747,82.1838,48.96,93,89,1.9,NP,1620171843
428,Bemidji,47.4736,-94.8803,52.0,34,1,9.22,US,1620171140
429,Zaječar,43.9036,22.2641,54.0,43,97,1.97,RS,1620171844
430,Christchurch,-43.5333,172.6333,69.01,52,9,3.44,NZ,1620171137
431,Salisbury,51.0693,-1.7957,42.01,81,68,13.8,GB,1620171241
432,Skjervøy,70.0311,20.9714,31.15,67,1,13.29,NO,1620171844
433,Bariloche,-41.1456,-71.3082,35.6,60,0,5.75,AR,1620171844
434,Gazli,40.1333,63.45,70.02,43,79,8.23,UZ,1620171197
435,Gohpur,26.8833,93.6333,72.21,85,100,3.02,IN,1620171845
436,Galveston,29.3669,-94.9669,82.0,83,75,8.05,US,1620171304
437,Tessalit,20.1986,1.0114,88.25,5,0,10.16,ML,1620171846
438,Calafell,41.2,1.5683,57.0,100,8,4.68,ES,1620171847
439,Ust'-Kulom,61.6864,53.6902,39.49,98,100,5.19,RU,1620171847
440,Volcán,8.7667,-82.6333,64.0,100,98,0.2,PA,1620171847
441,Mezhova,48.2532,36.7347,41.36,77,2,4.32,UA,1620171848
442,Airai,-8.9266,125.4092,64.74,82,100,4.12,TL,1620171285
443,Neiafu,-18.65,-173.9833,84.2,79,75,13.8,TO,1620171124
444,Yenagoa,4.9247,6.2642,76.12,91,91,3.47,NG,1620171336
445,Fairview,40.8126,-73.999,66.2,72,1,5.75,US,1620171848
446,Alice Springs,-23.7,133.8833,59.0,63,95,6.91,AU,1620171281
447,Ketchikan,55.3422,-131.6461,50.0,62,75,12.66,US,1620171065
448,Inta,66.0317,60.1659,29.86,78,89,16.22,RU,1620171848
449,Pisco,-13.7,-76.2167,68.0,88,0,21.85,PE,1620171294
450,Severomuysk,56.1481,113.4267,25.63,73,19,3.33,RU,1620171849
451,Isangel,-19.55,169.2667,80.6,78,20,5.75,VU,1620171249
452,Benjamin Constant,-4.3831,-70.0311,80.6,83,20,2.3,BR,1620171849
453,Tygda,53.1167,126.3333,41.36,93,100,7.16,RU,1620171849
454,Dakar,14.6937,-17.4441,68.0,94,0,4.61,SN,1620171850
455,Bambous Virieux,-20.3428,57.7575,75.99,100,40,3.44,MU,1620171366
456,Ufimskiy,56.7084,58.0517,51.37,69,10,5.61,RU,1620171850
457,Apache Junction,33.4151,-111.5496,93.0,8,1,12.66,US,1620171552
458,Makkah al Mukarramah,21.4267,39.8261,83.12,43,0,3.2,SA,1620171850
459,Morros,-9.4467,-46.3003,78.55,55,99,2.53,BR,1620171851
460,Havøysund,70.9963,24.6622,26.6,74,0,3.44,NO,1620171851
461,Mongomo,1.6274,11.3135,66.7,98,97,2.62,GQ,1620171851
462,Coruripe,-10.1256,-36.1756,75.7,85,50,5.14,BR,1620171851
463,Le Vauclin,14.5452,-60.8388,80.6,74,20,12.66,MQ,1620171852
464,Moose Factory,51.2585,-80.6094,37.4,75,90,9.22,CA,1620171852
465,Margate,51.3813,1.3862,45.0,63,35,4.0,GB,1620171085
466,Māndal,25.45,74.5667,82.92,29,0,15.59,IN,1620171852
467,Nantucket,41.2835,-70.0995,48.2,87,90,18.41,US,1620171852
468,Reinosa,42.9996,-4.138,57.99,88,75,13.8,ES,1620171853
469,Yangi Marg`ilon,40.4272,71.7189,71.6,72,80,2.3,UZ,1620171853
470,Khandagayty,50.7333,92.05,37.54,40,100,6.11,RU,1620171853
471,Kloulklubed,7.0419,134.2556,82.4,78,75,8.05,PW,1620171854
472,Biak,-0.9131,122.8766,81.64,70,27,4.45,ID,1620171381
473,Magadan,59.5667,150.8,33.58,71,33,3.83,RU,1620171854
474,Dongsheng,39.8161,109.9776,50.27,17,1,18.75,CN,1620171855
475,Bonfim,3.0833,-59.95,76.19,84,95,4.9,BR,1620171855
476,Acoyapa,11.9703,-85.1711,86.0,62,40,5.7,NI,1620171855
477,Kushmurun,52.4503,64.6311,59.86,51,100,6.06,KZ,1620171855
478,Radeberg,51.1167,13.9167,50.0,66,0,13.8,DE,1620171856
479,Tongliao,43.6125,122.2653,57.36,31,36,19.86,CN,1620171856
480,Trofors,65.5333,13.4063,44.6,49,40,18.41,NO,1620171856
481,Coyhaique,-45.5752,-72.0662,39.2,81,0,6.91,CL,1620171290
482,Barrington,41.7407,-71.3087,54.0,71,90,5.75,US,1620171619
483,Krasnovishersk,60.4078,57.082,52.23,94,99,7.99,RU,1620171857
484,Havre-St-Pierre,50.2334,-63.5986,41.0,75,90,13.8,CA,1620171360
485,Rakkestad,59.4251,11.3454,39.0,82,100,14.56,NO,1620171857
486,Inírida,3.8653,-67.9239,73.62,97,83,2.06,CO,1620171857
487,Pangai,-19.8,-174.35,78.8,89,75,17.27,TO,1620171858
488,Tuatapere,-46.1333,167.6833,55.99,57,11,5.01,NZ,1620171404
489,Watsa,3.0372,29.5355,64.02,98,82,2.35,CD,1620171858
490,Lavumisa,-27.31,31.892,55.4,100,0,1.14,SZ,1620171858
491,Oltu,40.5498,42.0013,51.35,88,100,5.35,TR,1620171858
492,Tura,25.5198,90.2201,69.37,86,100,2.86,IN,1620171339
493,Sinnamary,5.3833,-52.95,77.85,84,62,6.96,GF,1620171859
494,Baker City,44.7749,-117.8344,62.6,34,1,16.11,US,1620171859
495,Tandil,-37.3217,-59.1332,46.99,69,50,1.01,AR,1620171859
496,Kingsport,36.5484,-82.5618,69.8,78,90,11.27,US,1620171849
497,Itarema,-2.9248,-39.9167,75.94,89,92,4.43,BR,1620171339
498,São João da Barra,-21.6403,-41.0511,73.44,84,10,8.14,BR,1620171161
499,Colesberg,-30.72,25.0972,55.24,45,0,2.95,ZA,1620171860
500,Morondava,-20.2833,44.2833,67.12,78,0,10.02,MG,1620171293
501,Grootfontein,-19.5667,18.1167,50.0,87,0,5.77,NA,1620171860
502,Sur,22.5667,59.5289,81.61,72,5,12.86,OM,1620171860
503,Puerto Baquerizo Moreno,-0.9,-89.6,75.83,76,49,9.06,EC,1620171862
504,Okhotsk,59.3833,143.3,38.14,76,47,4.16,RU,1620171862
505,Ginda,30.6945,78.4932,56.1,70,100,6.73,IN,1620171862
506,Ol'ga,43.7444,135.2892,42.31,98,100,2.91,RU,1620171862
507,Richards Bay,-28.783,32.0377,61.29,86,0,5.3,ZA,1620171863
508,Beringovskiy,63.05,179.3167,28.99,80,97,5.84,RU,1620171277
509,Pacific Grove,36.6177,-121.9166,70.0,52,1,9.22,US,1620171181
510,Sørland,67.667,12.6934,40.42,70,100,15.19,NO,1620171346
511,Portree,57.4129,-6.1942,37.0,72,58,8.99,GB,1620171863
512,Liberty,31.8335,-81.5004,82.4,74,40,5.75,US,1620171863
513,Kosonsoy,41.2561,71.5508,71.6,49,56,4.61,UZ,1620171864
514,Caravelas,-17.7125,-39.2481,73.36,86,1,5.7,BR,1620171208
515,El Sauzal de Rodríguez,31.9,-116.6833,68.0,75,49,3.0,MX,1620171864
516,Sayán,-11.1361,-77.1933,71.31,70,95,2.44,PE,1620171864
517,Rupert,42.6191,-113.6772,66.2,27,40,14.97,US,1620171865
518,Basoko,1.2391,23.616,71.76,96,99,3.51,CD,1620171865
519,Samarai,-10.6167,150.6667,81.7,74,51,12.37,PG,1620171865
520,Iwaki,37.05,140.8833,66.0,76,84,4.0,JP,1620171865
521,Sawākin,19.1059,37.3321,82.47,57,0,5.17,SD,1620171866
522,Alzamay,55.5562,98.6644,34.36,77,82,14.47,RU,1620171866
523,Mweka,-4.85,21.5667,68.18,98,62,1.34,CD,1620171866
524,Beyneu,45.3167,55.2,67.24,27,2,8.12,KZ,1620171867
525,Roura,4.7263,-52.3274,79.0,89,75,2.3,GF,1620171867
526,Balkanabat,39.5108,54.3671,66.88,71,20,2.44,TM,1620171867
527,Dzhebariki-Khaya,62.2167,135.8,43.34,69,100,4.99,RU,1620171867
528,Taoudenni,22.6783,-3.9836,90.41,32,96,10.94,ML,1620171868
529,Shalya,57.2471,58.7298,50.02,72,20,6.06,RU,1620171868
530,Buguruslan,53.6554,52.442,51.51,80,100,13.53,RU,1620171868
531,Ambatondrazaka,-17.8333,48.4167,64.69,96,0,0.38,MG,1620171868
532,Manavgat,36.7867,31.4431,75.2,43,0,9.22,TR,1620171869
533,Kampong Thom,12.7111,104.8887,83.46,69,93,4.32,KH,1620171869
534,Valparaíso,-33.0393,-71.6273,62.6,63,0,5.75,CL,1620171134
535,Mangaratiba,-22.9597,-44.0406,73.4,88,0,3.44,BR,1620171785
536,Moindou,-21.6924,165.677,78.8,73,0,4.61,NC,1620171869
537,Yerbogachën,61.2767,108.0108,36.34,98,100,7.14,RU,1620171378
538,Aykhal,66.0,111.5,31.6,83,54,3.4,RU,1620171296
539,Yumen,40.2833,97.2,53.44,7,24,15.32,CN,1620171303
540,Sidi Ben Nour,35.5333,10.9167,66.2,77,0,4.61,TN,1620171870
541,Najrān,17.4924,44.1277,75.2,20,0,2.77,SA,1620171870
542,Tulun,54.5611,100.5792,34.59,62,76,17.02,RU,1620171871
543,Haines Junction,60.7522,-137.5108,48.2,34,73,9.22,CA,1620171280
544,Belyy Yar,53.6039,91.3903,28.4,80,0,4.47,RU,1620171294
545,Constitución,-35.3333,-72.4167,55.58,86,5,3.78,CL,1620171302
546,Pontianak,-0.0333,109.3333,74.61,97,100,1.39,ID,1620171871
547,Chiang Klang,19.2938,100.8617,75.2,94,73,2.3,TH,1620171871
548,Pathalgaon,22.5667,83.4667,70.41,68,46,3.98,IN,1620171872
549,Bealanana,-14.55,48.7333,62.64,97,5,0.4,MG,1620171872
550,Lexington,37.9887,-84.4777,73.4,64,1,8.05,US,1620171718
551,Lagoa,39.05,-27.9833,62.11,89,96,12.46,PT,1620171401
552,Yen Bai,21.7,104.8667,77.36,94,86,1.12,VN,1620171872
553,Griffith,41.5284,-87.4237,50.0,87,90,6.91,US,1620171873
554,Kaeo,-35.1,173.7833,63.73,50,57,4.72,NZ,1620171873
555,Suixi,33.8907,116.7747,63.59,53,83,1.81,CN,1620171873
556,Sembakung,3.8167,117.25,78.8,100,75,5.75,ID,1620171873
557,Kaduqli,11.0167,29.7167,79.11,60,100,5.84,SD,1620171874
558,St. George's,12.0564,-61.7485,77.0,88,75,9.22,GD,1620171874
559,Rāichūr,16.2,77.3667,82.76,50,4,6.6,IN,1620171874
560,Faanui,-16.4833,-151.75,82.69,75,48,14.32,PF,1620171095
